{
  "qat_results": {
    "4": {
      "0.1": {
        "fp32_accuracy": [
          99.55
        ],
        "int_accuracy": [
          99.51
        ],
        "mse": [
          2.0989527911297046e-05
        ]
      },
      "1.0": {
        "fp32_accuracy": [
          99.55
        ],
        "int_accuracy": [
          99.57
        ],
        "mse": [
          2.584092362667434e-05
        ]
      },
      "10.0": {
        "fp32_accuracy": [
          99.55
        ],
        "int_accuracy": [
          99.5
        ],
        "mse": [
          2.4607419618405402e-05
        ]
      }
    }
  }
}