{
  "config": {
    "baseline_checkpoints_dir": "A-BR/results/mnist_relu1_sweep/checkpoints",
    "seeds": [
      44
    ],
    "bit_widths": [
      1,
      2,
      4
    ],
    "lambdas": [
      0.1,
      1.0,
      10.0
    ]
  },
  "qat_results": {
    "1": {
      "0.1": {
        "fp32_accuracy": [
          99.53
        ],
        "int_accuracy": [
          99.4
        ],
        "mse": [
          0.0007469939882867038
        ]
      },
      "1.0": {
        "fp32_accuracy": [
          99.53
        ],
        "int_accuracy": [
          99.27
        ],
        "mse": [
          8.71719530550763e-05
        ]
      },
      "10.0": {
        "fp32_accuracy": [
          99.53
        ],
        "int_accuracy": [
          99.25
        ],
        "mse": [
          2.594181933091022e-05
        ]
      }
    },
    "2": {
      "0.1": {
        "fp32_accuracy": [
          99.53
        ],
        "int_accuracy": [
          99.48
        ],
        "mse": [
          0.00010701839346438646
        ]
      },
      "1.0": {
        "fp32_accuracy": [
          99.53
        ],
        "int_accuracy": [
          99.55
        ],
        "mse": [
          6.323170237010345e-05
        ]
      },
      "10.0": {
        "fp32_accuracy": [
          99.53
        ],
        "int_accuracy": [
          99.51
        ],
        "mse": [
          3.462675886112265e-05
        ]
      }
    },
    "4": {
      "0.1": {
        "fp32_accuracy": [
          99.53
        ],
        "int_accuracy": [
          99.66
        ],
        "mse": [
          1.7913223928189836e-05
        ]
      },
      "1.0": {
        "fp32_accuracy": [
          99.53
        ],
        "int_accuracy": [
          99.59
        ],
        "mse": [
          2.277150997542776e-05
        ]
      },
      "10.0": {
        "fp32_accuracy": [
          99.53
        ],
        "int_accuracy": [
          99.53
        ],
        "mse": [
          2.2634236302110367e-05
        ]
      }
    }
  }
}