Lambda,FP32 Acc,INT1 Acc,Avg. MSE
0.1,99.53±0.00,99.40±0.00,0.00075±0.00000
1.0,99.53±0.00,99.27±0.00,0.00009±0.00000
10.0,99.53±0.00,99.25±0.00,0.00003±0.00000
