Lambda,FP32 Acc,INT4 Acc,Avg. MSE
0.1,99.53±0.00,99.66±0.00,0.00002±0.00000
1.0,99.53±0.00,99.59±0.00,0.00002±0.00000
10.0,99.53±0.00,99.53±0.00,0.00002±0.00000
