Lambda,FP32 Acc,INT2 Acc,Avg. MSE
0.1,99.53±0.00,99.48±0.00,0.00011±0.00000
1.0,99.53±0.00,99.55±0.00,0.00006±0.00000
10.0,99.53±0.00,99.51±0.00,0.00003±0.00000
