{
  "qat_results": {
    "1": {
      "0.1": {
        "fp32_accuracy": [
          99.58
        ],
        "int_accuracy": [
          99.48
        ],
        "mse": [
          0.0007141597452573478
        ]
      },
      "1.0": {
        "fp32_accuracy": [
          99.58
        ],
        "int_accuracy": [
          99.32
        ],
        "mse": [
          0.00010387936345068738
        ]
      },
      "10.0": {
        "fp32_accuracy": [
          99.58
        ],
        "int_accuracy": [
          99.28
        ],
        "mse": [
          2.5291061319876462e-05
        ]
      }
    },
    "2": {
      "0.1": {
        "fp32_accuracy": [
          99.58
        ],
        "int_accuracy": [
          99.5
        ],
        "mse": [
          0.00011319963959977031
        ]
      },
      "1.0": {
        "fp32_accuracy": [
          99.58
        ],
        "int_accuracy": [
          99.5
        ],
        "mse": [
          6.321373803075403e-05
        ]
      },
      "10.0": {
        "fp32_accuracy": [
          99.58
        ],
        "int_accuracy": [
          99.6
        ],
        "mse": [
          2.859101732610725e-05
        ]
      }
    },
    "4": {
      "0.1": {
        "fp32_accuracy": [
          99.58
        ],
        "int_accuracy": [
          99.54
        ],
        "mse": [
          2.083516119455453e-05
        ]
      },
      "1.0": {
        "fp32_accuracy": [
          99.58
        ],
        "int_accuracy": [
          99.64
        ],
        "mse": [
          2.419602060399484e-05
        ]
      },
      "10.0": {
        "fp32_accuracy": [
          99.58
        ],
        "int_accuracy": [
          99.55
        ],
        "mse": [
          2.4018976546358317e-05
        ]
      }
    }
  }
}