{
  "qat_results": {
    "1": {
      "0.1": {
        "fp32_accuracy": [
          99.61
        ],
        "int_accuracy": [
          98.51
        ],
        "mse": [
          0.008487297222018242
        ]
      },
      "1.0": {
        "fp32_accuracy": [
          99.61
        ],
        "int_accuracy": [
          98.51
        ],
        "mse": [
          0.008487297222018242
        ]
      },
      "10.0": {
        "fp32_accuracy": [
          99.61
        ],
        "int_accuracy": [
          98.51
        ],
        "mse": [
          0.008487297222018242
        ]
      }
    },
    "2": {
      "0.1": {
        "fp32_accuracy": [
          99.61
        ],
        "int_accuracy": [
          99.59
        ],
        "mse": [
          8.98167781997472e-05
        ]
      },
      "1.0": {
        "fp32_accuracy": [
          99.61
        ],
        "int_accuracy": [
          99.56
        ],
        "mse": [
          5.884636630071327e-05
        ]
      },
      "10.0": {
        "fp32_accuracy": [
          99.61
        ],
        "int_accuracy": [
          99.5
        ],
        "mse": [
          3.657648994703777e-05
        ]
      }
    },
    "4": {
      "0.1": {
        "fp32_accuracy": [
          99.61
        ],
        "int_accuracy": [
          99.54
        ],
        "mse": [
          3.4503067581681535e-05
        ]
      },
      "1.0": {
        "fp32_accuracy": [
          NaN
        ],
        "int_accuracy": [
          NaN
        ],
        "mse": [
          NaN
        ]
      },
      "10.0": {
        "fp32_accuracy": [
          NaN
        ],
        "int_accuracy": [
          NaN
        ],
        "mse": [
          NaN
        ]
      }
    }
  }
}