Lambda,FP32 Acc,INT2 Acc,Avg. MSE
0.1,99.61±0.00,99.59±0.00,0.00009±0.00000
1.0,99.61±0.00,99.56±0.00,0.00006±0.00000
10.0,99.61±0.00,99.50±0.00,0.00004±0.00000
