{
  "qat_results": {
    "1": {
      "0.1": {
        "fp32_accuracy": [
          99.58,
          99.555,
          99.53
        ],
        "int_accuracy": [
          99.48,
          99.44,
          99.4
        ],
        "mse": [
          0.0007141597452573478,
          0.0007305768667720258,
          0.0007469939882867038
        ]
      },
      "1.0": {
        "fp32_accuracy": [
          99.58,
          99.555,
          99.53
        ],
        "int_accuracy": [
          99.32,
          99.29499999999999,
          99.27
        ],
        "mse": [
          0.00010387936345068738,
          9.552565825288184e-05,
          8.71719530550763e-05
        ]
      },
      "10.0": {
        "fp32_accuracy": [
          99.58,
          99.555,
          99.53
        ],
        "int_accuracy": [
          99.28,
          99.265,
          99.25
        ],
        "mse": [
          2.5291061319876462e-05,
          2.561644032539334e-05,
          2.594181933091022e-05
        ]
      }
    },
    "2": {
      "0.1": {
        "fp32_accuracy": [
          99.58,
          99.555,
          99.53
        ],
        "int_accuracy": [
          99.5,
          99.49000000000001,
          99.48
        ],
        "mse": [
          0.00011319963959977031,
          0.00011010901653207839,
          0.00010701839346438646
        ]
      },
      "1.0": {
        "fp32_accuracy": [
          99.58,
          99.555,
          99.53
        ],
        "int_accuracy": [
          99.5,
          99.525,
          99.55
        ],
        "mse": [
          6.321373803075403e-05,
          6.322272020042874e-05,
          6.323170237010345e-05
        ]
      },
      "10.0": {
        "fp32_accuracy": [
          99.58,
          99.555,
          99.53
        ],
        "int_accuracy": [
          99.6,
          99.555,
          99.51
        ],
        "mse": [
          2.859101732610725e-05,
          3.160888809361495e-05,
          3.462675886112265e-05
        ]
      }
    },
    "4": {
      "0.1": {
        "fp32_accuracy": [
          99.58,
          99.55,
          99.53
        ],
        "int_accuracy": [
          99.54,
          99.51,
          99.66
        ],
        "mse": [
          2.083516119455453e-05,
          2.0989527911297046e-05,
          1.7913223928189836e-05
        ]
      },
      "1.0": {
        "fp32_accuracy": [
          99.58,
          99.55,
          99.53
        ],
        "int_accuracy": [
          99.64,
          99.57,
          99.59
        ],
        "mse": [
          2.419602060399484e-05,
          2.584092362667434e-05,
          2.277150997542776e-05
        ]
      },
      "10.0": {
        "fp32_accuracy": [
          99.58,
          99.55,
          99.53
        ],
        "int_accuracy": [
          99.55,
          99.5,
          99.53
        ],
        "mse": [
          2.4018976546358317e-05,
          2.4607419618405402e-05,
          2.2634236302110367e-05
        ]
      }
    }
  }
}