Lambda,FP32_Acc_Mean,FP32_Acc_Std,INT_Acc_Mean,INT_Acc_Std,MSE_Mean,MSE_Std
0.1,99.55,0.02,99.44,0.03,0.00073058,0.00001340
1.0,99.55,0.02,99.30,0.02,0.00009553,0.00000682
10.0,99.55,0.02,99.27,0.01,0.00002562,0.00000027
