Lambda,FP32_Acc_Mean,FP32_Acc_Std,INT_Acc_Mean,INT_Acc_Std,MSE_Mean,MSE_Std
0.1,99.55,0.02,99.57,0.06,0.00001991,0.00000142
1.0,99.55,0.02,99.60,0.03,0.00002427,0.00000125
10.0,99.55,0.02,99.53,0.02,0.00002375,0.00000083
