Lambda,FP32_Acc_Mean,FP32_Acc_Std,INT_Acc_Mean,INT_Acc_Std,MSE_Mean,MSE_Std
0.1,99.55,0.02,99.49,0.01,0.00011011,0.00000252
1.0,99.55,0.02,99.52,0.02,0.00006322,0.00000001
10.0,99.55,0.02,99.56,0.04,0.00003161,0.00000246
