{
  "qat_results": {
    "4": {
      "1.0": {
        "fp32_accuracy": [
          99.61
        ],
        "int_accuracy": [
          99.52
        ],
        "mse": [
          3.507664951030165e-05
        ]
      },
      "10.0": {
        "fp32_accuracy": [
          99.61
        ],
        "int_accuracy": [
          99.52
        ],
        "mse": [
          3.789870606851764e-05
        ]
      }
    }
  }
}