{
  "qat_results": {
    "1": {
      "0.1": {
        "fp32_accuracy": [
          99.56
        ],
        "int_accuracy": [
          99.41
        ],
        "mse": [
          0.0002941983111668378
        ]
      },
      "1.0": {
        "fp32_accuracy": [
          99.56
        ],
        "int_accuracy": [
          99.47
        ],
        "mse": [
          6.683120591333136e-05
        ]
      },
      "10.0": {
        "fp32_accuracy": [
          99.56
        ],
        "int_accuracy": [
          99.41
        ],
        "mse": [
          2.3483684344682842e-05
        ]
      }
    },
    "2": {
      "0.1": {
        "fp32_accuracy": [
          99.56
        ],
        "int_accuracy": [
          99.58
        ],
        "mse": [
          8.690408867551014e-05
        ]
      },
      "1.0": {
        "fp32_accuracy": [
          99.56
        ],
        "int_accuracy": [
          99.57
        ],
        "mse": [
          5.549971683649346e-05
        ]
      },
      "10.0": {
        "fp32_accuracy": [
          99.56
        ],
        "int_accuracy": [
          99.57
        ],
        "mse": [
          3.1229723390424624e-05
        ]
      }
    },
    "4": {
      "0.1": {
        "fp32_accuracy": [
          99.56
        ],
        "int_accuracy": [
          99.65
        ],
        "mse": [
          3.1076135201146826e-05
        ]
      },
      "1.0": {
        "fp32_accuracy": [
          99.56
        ],
        "int_accuracy": [
          99.63
        ],
        "mse": [
          3.6326931876828894e-05
        ]
      },
      "10.0": {
        "fp32_accuracy": [
          99.56
        ],
        "int_accuracy": [
          99.56
        ],
        "mse": [
          4.067454574396834e-05
        ]
      }
    }
  }
}