{
  "config": {
    "baseline_checkpoints_dir": "A-BR/results/mnist_relu6_sweep/checkpoints",
    "seeds": [
      44
    ],
    "bit_widths": [
      1,
      2,
      4
    ],
    "lambdas": [
      0.1,
      1.0,
      10.0
    ]
  },
  "qat_results": {
    "1": {
      "0.1": {
        "fp32_accuracy": [
          99.61
        ],
        "int_accuracy": [
          98.1
        ],
        "mse": [
          0.010504744946956635
        ]
      },
      "1.0": {
        "fp32_accuracy": [
          99.61
        ],
        "int_accuracy": [
          98.1
        ],
        "mse": [
          0.010504744946956635
        ]
      },
      "10.0": {
        "fp32_accuracy": [
          99.61
        ],
        "int_accuracy": [
          98.1
        ],
        "mse": [
          0.010504744946956635
        ]
      }
    },
    "2": {
      "0.1": {
        "fp32_accuracy": [
          99.61
        ],
        "int_accuracy": [
          99.56
        ],
        "mse": [
          8.105594315566123e-05
        ]
      },
      "1.0": {
        "fp32_accuracy": [
          99.61
        ],
        "int_accuracy": [
          99.62
        ],
        "mse": [
          5.661457180394791e-05
        ]
      },
      "10.0": {
        "fp32_accuracy": [
          99.61
        ],
        "int_accuracy": [
          99.58
        ],
        "mse": [
          3.40109909302555e-05
        ]
      }
    },
    "4": {
      "0.1": {
        "fp32_accuracy": [
          99.61
        ],
        "int_accuracy": [
          99.63
        ],
        "mse": [
          2.6753470592666417e-05
        ]
      },
      "1.0": {
        "fp32_accuracy": [
          99.61
        ],
        "int_accuracy": [
          99.59
        ],
        "mse": [
          3.240402293158695e-05
        ]
      },
      "10.0": {
        "fp32_accuracy": [
          99.61
        ],
        "int_accuracy": [
          99.61
        ],
        "mse": [
          3.9688475226284936e-05
        ]
      }
    }
  }
}