Lambda,FP32 Acc,INT4 Acc,Avg. MSE
0.1,99.61±0.00,99.63±0.00,0.00003±0.00000
1.0,99.61±0.00,99.59±0.00,0.00003±0.00000
10.0,99.61±0.00,99.61±0.00,0.00004±0.00000
