Lambda,FP32 Acc,INT2 Acc,Avg. MSE
0.1,99.61±0.00,99.56±0.00,0.00008±0.00000
1.0,99.61±0.00,99.62±0.00,0.00006±0.00000
10.0,99.61±0.00,99.58±0.00,0.00003±0.00000
