Lambda,FP32 Acc,INT1 Acc,Avg. MSE
0.1,99.61±0.00,98.10±0.00,0.01050±0.00000
1.0,99.61±0.00,98.10±0.00,0.01050±0.00000
10.0,99.61±0.00,98.10±0.00,0.01050±0.00000
