{
  "qat_results": {
    "1": {
      "0.1": {
        "fp32_accuracy": [
          99.61,
          99.56,
          99.61
        ],
        "int_accuracy": [
          98.51,
          99.41,
          98.1
        ],
        "mse": [
          0.008487297222018242,
          0.0002941983111668378,
          0.010504744946956635
        ]
      },
      "1.0": {
        "fp32_accuracy": [
          99.61,
          99.56,
          99.61
        ],
        "int_accuracy": [
          98.51,
          99.47,
          98.1
        ],
        "mse": [
          0.008487297222018242,
          6.683120591333136e-05,
          0.010504744946956635
        ]
      },
      "10.0": {
        "fp32_accuracy": [
          99.61,
          99.56,
          99.61
        ],
        "int_accuracy": [
          98.51,
          99.41,
          98.1
        ],
        "mse": [
          0.008487297222018242,
          2.3483684344682842e-05,
          0.010504744946956635
        ]
      }
    },
    "2": {
      "0.1": {
        "fp32_accuracy": [
          99.61,
          99.56,
          99.61
        ],
        "int_accuracy": [
          99.59,
          99.58,
          99.56
        ],
        "mse": [
          8.98167781997472e-05,
          8.690408867551014e-05,
          8.105594315566123e-05
        ]
      },
      "1.0": {
        "fp32_accuracy": [
          99.61,
          99.56,
          99.61
        ],
        "int_accuracy": [
          99.56,
          99.57,
          99.62
        ],
        "mse": [
          5.884636630071327e-05,
          5.549971683649346e-05,
          5.661457180394791e-05
        ]
      },
      "10.0": {
        "fp32_accuracy": [
          99.61,
          99.56,
          99.61
        ],
        "int_accuracy": [
          99.5,
          99.57,
          99.58
        ],
        "mse": [
          3.657648994703777e-05,
          3.1229723390424624e-05,
          3.40109909302555e-05
        ]
      }
    },
    "4": {
      "0.1": {
        "fp32_accuracy": [
          99.61,
          99.56,
          99.61
        ],
        "int_accuracy": [
          99.54,
          99.65,
          99.63
        ],
        "mse": [
          3.4503067581681535e-05,
          3.1076135201146826e-05,
          2.6753470592666417e-05
        ]
      },
      "1.0": {
        "fp32_accuracy": [
          99.61,
          99.56,
          99.61
        ],
        "int_accuracy": [
          99.52,
          99.63,
          99.59
        ],
        "mse": [
          3.507664951030165e-05,
          3.6326931876828894e-05,
          3.240402293158695e-05
        ]
      },
      "10.0": {
        "fp32_accuracy": [
          99.61,
          99.56,
          99.61
        ],
        "int_accuracy": [
          99.52,
          99.56,
          99.61
        ],
        "mse": [
          3.789870606851764e-05,
          4.067454574396834e-05,
          3.9688475226284936e-05
        ]
      }
    }
  }
}