Lambda,FP32_Acc_Mean,FP32_Acc_Std,INT_Acc_Mean,INT_Acc_Std,MSE_Mean,MSE_Std
0.1,99.59,0.02,99.61,0.05,0.00003078,0.00000317
1.0,99.59,0.02,99.58,0.05,0.00003460,0.00000164
10.0,99.59,0.02,99.56,0.04,0.00003942,0.00000115
