Lambda,FP32_Acc_Mean,FP32_Acc_Std,INT_Acc_Mean,INT_Acc_Std,MSE_Mean,MSE_Std
0.1,99.59,0.02,98.67,0.55,0.00642875,0.00441528
1.0,99.59,0.02,98.69,0.57,0.00635296,0.00452062
10.0,99.59,0.02,98.67,0.55,0.00633851,0.00454072
