Lambda,FP32_Acc_Mean,FP32_Acc_Std,INT_Acc_Mean,INT_Acc_Std,MSE_Mean,MSE_Std
0.1,99.59,0.02,99.58,0.01,0.00008593,0.00000364
1.0,99.59,0.02,99.58,0.03,0.00005699,0.00000139
10.0,99.59,0.02,99.55,0.04,0.00003394,0.00000218
